chr,method,load_time (s),load_memory (MB),dot_product_time (s),dot_product_memory (MB)
1,grg,233.66969603040002,35081.9875,17.056882920500037,21498.994140625
1,linarg_0_chr1-15916-20760056,4.269765426899994,2612.4,0.8062322063000465,2249.077734375
1,linarg_10_chr1-207457335-228201476,3.34224190559994,2082.194921875,0.6571733791000043,1833.426171875
1,linarg_11_chr1-228201477-248945618,4.233457787099996,2558.125,0.681282311699988,2206.42265625
1,linarg_1_chr1-20760057-41504198,3.55483890240007,2212.446484375,0.566254883099964,1933.80703125
1,linarg_2_chr1-41504199-62248340,3.2582051102000604,2035.40625,0.546974249699997,1796.190625
1,linarg_3_chr1-62248341-82992482,3.1441078385999846,1984.36796875,0.4872813243001019,1759.14375
1,linarg_4_chr1-82992483-103736624,3.0620734935000202,1956.340234375,0.5898572535999392,1735.281640625
1,linarg_5_chr1-103736625-124480766,2.7860332533999554,1759.5921875,0.48777549349997573,1591.252734375
1,linarg_6_chr1-124480767-145224908,0.5020412979999037,385.748046875,0.04626121500004956,394.46484375
1,linarg_7_chr1-145224909-165969050,3.0688527842999975,1977.802734375,0.47867008009993695,1742.478515625
1,linarg_8_chr1-165969051-186713192,3.1810357677999037,2005.523046875,0.5093121358000644,1777.06875
1,linarg_9_chr1-186713193-207457334,3.4810172247000537,2144.75703125,0.5099078007999651,1889.523046875
1,genotypes_0_chr1-15916-1053122.npz,1.2942549271999269,1140.07421875,0.2571312234999823,1282.237109375
1,genotypes_10_chr1-10387986-11425192.npz,5.0273682695000845,3857.798046875,1.0930011064999234,4517.277734375
1,genotypes_11_chr1-11425193-12462399.npz,5.573934564799993,4189.542578125,1.239679276599918,4912.2109375
1,genotypes_12_chr1-12462400-13499606.npz,3.337864902599995,2543.50546875,0.7271592372999749,2952.665625
1,genotypes_13_chr1-13499607-14536813.npz,7.304973341099912,5586.7859375,1.693527405300074,6575.560546875
1,genotypes_14_chr1-14536814-15574020.npz,7.788009250200048,6041.864453125,1.7670803222999438,7117.244140625
1,genotypes_15_chr1-15574021-16611227.npz,5.8494136907999295,4520.808984375,1.3730184052000367,5306.497265625
1,genotypes_16_chr1-16611228-17648434.npz,5.593422354599989,4227.00859375,1.1996468541001377,4956.826171875
1,genotypes_17_chr1-17648435-18685641.npz,6.382786546799889,5024.38828125,1.4824129114000244,5905.969921875
1,genotypes_18_chr1-18685642-19722848.npz,7.310880943499887,5614.95234375,1.647536905800098,6609.129296875
1,genotypes_19_chr1-19722849-20760056.npz,6.337152916599825,4954.025390625,1.406070115500188,5822.225
1,genotypes_1_chr1-1053123-2090329.npz,4.763747632499962,3622.0765625,1.054181742199853,4236.671484375
1,genotypes_2_chr1-2090330-3127536.npz,5.497274780899898,4298.508203125,1.2080021022000438,5041.92890625
1,genotypes_3_chr1-3127537-4164743.npz,7.067962140499913,5479.0203125,1.6007425821000651,6447.375
1,genotypes_4_chr1-4164744-5201950.npz,7.6168203058999095,6156.991015625,1.7323240275998615,7254.470703125
1,genotypes_5_chr1-5201951-6239157.npz,6.440558398699977,5254.830859375,1.4315485631002958,6180.421875
1,genotypes_6_chr1-6239158-7276364.npz,4.972201497599872,3929.41328125,1.0520197843999994,4602.424609375
1,genotypes_7_chr1-7276365-8313571.npz,6.072522716399999,4865.2609375,1.3076597896000748,5716.606640625
1,genotypes_8_chr1-8313572-9350778.npz,5.578979531499863,4383.491015625,1.169974853000167,5143.138671875
1,genotypes_9_chr1-9350779-10387985.npz,3.8434395769002547,2987.90859375,0.8076799067001957,3481.601953125
1,genotypes_0_chr1-207457335-208494541.npz,5.373932090099788,4368.088671875,1.1516996009999274,5124.7578125
1,genotypes_10_chr1-217829406-218866612.npz,6.51869589300004,5212.42890625,1.4161482102002083,6129.959765625
1,genotypes_11_chr1-218866613-219903819.npz,5.879027427599885,4732.479296875,1.2721649934000197,5558.452734375
1,genotypes_12_chr1-219903820-220941026.npz,4.488402024400057,3601.86484375,0.9772851677002109,4212.576171875
1,genotypes_13_chr1-220941027-221978233.npz,5.904210624199914,4675.144921875,1.244485739299762,5490.179296875
1,genotypes_14_chr1-221978234-223015440.npz,5.435899994700049,4299.405078125,1.1480941135000649,5042.903125
1,genotypes_15_chr1-223015441-224052647.npz,5.120281743299893,4037.749609375,1.1358661893000317,4731.524609375
1,genotypes_16_chr1-224052648-225089854.npz,4.746094473899939,3683.91328125,1.03523158830003,4310.17578125
1,genotypes_17_chr1-225089855-226127061.npz,4.872602731199914,3711.98984375,1.0453061098000034,4343.670703125
1,genotypes_18_chr1-226127062-227164268.npz,5.907095796299927,4653.158203125,1.2468362788999912,5464.05703125
1,genotypes_19_chr1-227164269-228201476.npz,5.751764969000123,4599.84296875,1.2536574453999492,5400.671875
1,genotypes_1_chr1-208494542-209531748.npz,4.9783124381000565,3898.986328125,1.063387317300112,4566.2109375
1,genotypes_2_chr1-209531749-210568955.npz,6.201103853899985,5034.371875,1.3508470438999212,5917.805859375
1,genotypes_3_chr1-210568956-211606162.npz,5.500787662900166,4372.43515625,1.2162054145998809,5129.819140625
1,genotypes_4_chr1-211606163-212643369.npz,5.493285536800068,4369.665234375,1.2074856661000013,5126.628125
1,genotypes_5_chr1-212643370-213680576.npz,5.105316646400115,4128.565234375,1.1185415773999012,4839.466796875
1,genotypes_6_chr1-213680577-214717783.npz,4.833567125500122,3837.0578125,1.0714414279998892,4492.517578125
1,genotypes_7_chr1-214717784-215754990.npz,5.130888871100069,3834.07578125,1.0444989986001019,4488.869140625
1,genotypes_8_chr1-215754991-216792197.npz,5.452024364200042,4340.738671875,1.1586321499001315,5092.103125
1,genotypes_9_chr1-216792198-217829405.npz,6.2895872631001115,5094.056640625,1.4211071097000059,5988.81875
1,genotypes_0_chr1-228201477-229238683.npz,5.304776792900066,4288.77109375,1.1520845550998273,5030.2765625
1,genotypes_10_chr1-238573548-239610754.npz,5.877840560999812,4774.297265625,1.3184809154999129,5608.16015625
1,genotypes_11_chr1-239610755-240647961.npz,7.330331824899804,6023.176171875,1.6169353338998007,7095.091796875
1,genotypes_12_chr1-240647962-241685168.npz,6.353467189499861,5178.793359375,1.4708657492001294,6089.790234375
1,genotypes_13_chr1-241685169-242722375.npz,8.409465401800025,6771.72421875,1.8746615630000634,7986.180078125
1,genotypes_14_chr1-242722376-243759582.npz,4.506670962599946,3652.370703125,0.9765697432999332,4272.69375
1,genotypes_15_chr1-243759583-244796789.npz,5.347165054999823,4299.41640625,1.191466038800081,5042.945703125
1,genotypes_16_chr1-244796790-245833996.npz,6.364580671800013,5149.46640625,1.4126481593001698,6054.81875
1,genotypes_17_chr1-245833997-246871203.npz,7.415094546099863,5997.89765625,1.7205608082000254,7064.879296875
1,genotypes_18_chr1-246871204-247908410.npz,7.717159859100048,6158.26484375,1.7099211071998979,7255.853515625
1,genotypes_19_chr1-247908411-248945618.npz,4.345686154999839,3456.32421875,0.9722046139999293,4039.1890625
1,genotypes_1_chr1-229238684-230275890.npz,4.855444386999807,3848.857421875,1.0096422864002306,4506.419140625
1,genotypes_2_chr1-230275891-231313097.npz,6.490850765199957,5297.43125,1.4636671297002066,6230.939453125
1,genotypes_3_chr1-231313098-232350304.npz,5.937418325600083,4882.501953125,1.291125877899867,5736.98125
1,genotypes_4_chr1-232350305-233387511.npz,5.598986426999818,4534.9421875,1.2242067494001276,5323.2796875
1,genotypes_5_chr1-233387512-234424718.npz,6.8135179615997,5506.03515625,1.4892207090999363,6479.286328125
1,genotypes_6_chr1-234424719-235461925.npz,6.321787293200214,5157.781640625,1.3740195531999233,6064.802734375
1,genotypes_7_chr1-235461926-236499132.npz,7.0671790887002315,5795.2984375,1.5477497591000429,6823.64375
1,genotypes_8_chr1-236499133-237536339.npz,7.6053643146999095,6148.049609375,1.6304871567998815,7243.75078125
1,genotypes_9_chr1-237536340-238573547.npz,7.348793898799886,5969.6609375,1.6484559581997018,7031.266015625
1,genotypes_0_chr1-20760057-21797263.npz,5.090611764800269,4140.54296875,1.1018916004004495,4853.857421875
1,genotypes_10_chr1-31132128-32169334.npz,4.756432376900193,3755.027734375,0.9711935649997031,4394.69921875
1,genotypes_11_chr1-32169335-33206541.npz,2.425320269599797,1946.109375,0.5067482010004823,2241.281640625
1,genotypes_12_chr1-33206542-34243748.npz,5.558321336600057,4450.22578125,1.2109960805999436,5222.3953125
1,genotypes_13_chr1-34243749-35280955.npz,4.929092637600116,3928.080078125,1.0787012272001448,4600.9296875
1,genotypes_14_chr1-35280956-36318162.npz,1.5330093568996745,1240.841015625,0.3014227524001399,1401.826953125
1,genotypes_15_chr1-36318163-37355369.npz,4.647104140300144,3678.5484375,0.9793550318998314,4303.7359375
1,genotypes_16_chr1-37355370-38392576.npz,5.253940022000643,4220.411328125,1.1689050045999465,4948.915625
1,genotypes_17_chr1-38392577-39429783.npz,4.797049607299778,3786.9953125,1.03439091229975,4432.858984375
1,genotypes_18_chr1-39429784-40466990.npz,4.493088308600091,3557.44609375,0.983661748799932,4159.5109375
1,genotypes_19_chr1-40466991-41504198.npz,5.592358605499976,4507.2453125,1.25231496660017,5290.309765625
1,genotypes_1_chr1-21797264-22834470.npz,5.527282139199815,4499.280859375,1.2153117636004027,5280.919921875
1,genotypes_2_chr1-22834471-23871677.npz,4.2348445368998,3372.994140625,0.8760871592998228,3939.940625
1,genotypes_3_chr1-23871678-24908884.npz,6.387900206399718,5203.175390625,1.3628804051999395,6118.769140625
1,genotypes_4_chr1-24908885-25946091.npz,4.304588960900037,3491.9,0.9005373118005082,4081.60859375
1,genotypes_5_chr1-25946092-26983298.npz,3.869575422100206,3199.100390625,0.8598570148000363,3733.060546875
1,genotypes_6_chr1-26983299-28020505.npz,3.003708102899691,2291.9421875,0.5762866204002421,2653.0765625
1,genotypes_7_chr1-28020506-29057712.npz,4.2553052412997205,3487.65234375,0.9265307894998841,4076.462890625
1,genotypes_8_chr1-29057713-30094919.npz,6.052894561399808,4947.6203125,1.3344954304999193,5814.503515625
1,genotypes_9_chr1-30094920-31132127.npz,6.438354933700066,5187.5765625,1.3863966858998538,6100.27578125
1,genotypes_0_chr1-41504199-42541405.npz,5.071639569900071,4154.491796875,1.0756370040999172,4870.408203125
1,genotypes_10_chr1-51876270-52913476.npz,3.258820257499792,2683.934765625,0.69576428700002,3119.6015625
1,genotypes_11_chr1-52913477-53950683.npz,4.831954491900251,3897.647265625,1.04759973550008,4564.668359375
1,genotypes_12_chr1-53950684-54987890.npz,5.94654444480002,4916.1421875,1.3042657481999413,5777.046875
1,genotypes_13_chr1-54987891-56025097.npz,5.375681680099842,4370.6984375,1.16054896930018,5127.827734375
1,genotypes_14_chr1-56025098-57062304.npz,6.490472608799974,5311.741796875,1.4004663795998566,6248.026171875
1,genotypes_15_chr1-57062305-58099511.npz,6.670146762499826,5514.06875,1.4452601711998796,6488.844140625
1,genotypes_16_chr1-58099512-59136718.npz,5.622831227099596,4587.2375,1.2375581841000893,5385.622265625
1,genotypes_17_chr1-59136719-60173925.npz,4.148373429200001,3372.6921875,0.8969507186000556,3939.607421875
1,genotypes_18_chr1-60173926-61211132.npz,4.279768504599997,3481.465625,0.9235548468999696,4069.231640625
1,genotypes_19_chr1-61211133-62248340.npz,5.962710143799631,4785.9484375,1.3214065828000456,5622.169921875
1,genotypes_1_chr1-42541406-43578612.npz,4.917439803100024,3961.6109375,1.0379035135998493,4640.7734375
1,genotypes_2_chr1-43578613-44615819.npz,4.685928191099447,3800.4578125,0.9926373135995163,4448.8859375
1,genotypes_3_chr1-44615820-45653026.npz,4.266083440099829,3433.746484375,0.8914756130001479,4012.23515625
1,genotypes_4_chr1-45653027-46690233.npz,5.184734541600482,4239.040625,1.086322997100251,4970.9703125
1,genotypes_5_chr1-46690234-47727440.npz,4.964233629499904,4029.325,1.0604261299997233,4721.368359375
1,genotypes_6_chr1-47727441-48764647.npz,4.557999288099927,3716.666796875,0.9687733866996495,4349.071484375
1,genotypes_7_chr1-48764648-49801854.npz,2.6074036500996955,2183.3796875,0.5348444060000475,2523.73828125
1,genotypes_8_chr1-49801855-50839061.npz,2.9406669919000707,2407.741796875,0.6021555476998401,2790.85234375
1,genotypes_9_chr1-50839062-51876269.npz,2.240546723099942,1800.488671875,0.4682032116994378,2067.88828125
1,genotypes_0_chr1-62248341-63285547.npz,5.842643051699815,4771.3546875,1.2364019872997232,5604.6875
1,genotypes_10_chr1-72620412-73657618.npz,6.639942254199559,5400.21953125,1.3798531800999627,6353.44765625
1,genotypes_11_chr1-73657619-74694825.npz,4.572284654500072,3617.6859375,0.9265012987998489,4231.271484375
1,genotypes_12_chr1-74694826-75732032.npz,5.367136536799808,4373.0625,1.1732430391997695,5130.54375
1,genotypes_13_chr1-75732033-76769239.npz,5.979500982300124,4837.907421875,1.3290023198995187,5683.8765625
1,genotypes_14_chr1-76769240-77806446.npz,4.466266385800009,3547.2375,0.9475245349998659,4147.46875
1,genotypes_15_chr1-77806447-78843653.npz,4.611024891099442,3726.91875,0.9890558968998449,4361.401953125
1,genotypes_16_chr1-78843654-79880860.npz,6.8396217028001045,5606.84765625,1.4920848166000724,6599.32578125
1,genotypes_17_chr1-79880861-80918067.npz,6.041332193600101,4814.740625,1.3144677129001139,5656.2984375
1,genotypes_18_chr1-80918068-81955274.npz,6.332823277900024,5190.94921875,1.4166781092000746,6104.18046875
1,genotypes_19_chr1-81955275-82992482.npz,6.553676427900063,5329.799609375,1.3966807931999938,6269.47890625
1,genotypes_1_chr1-63285548-64322754.npz,5.626716584800306,4511.6296875,1.1961135949999515,5295.487109375
1,genotypes_2_chr1-64322755-65359961.npz,4.48583060660003,3591.108984375,0.9690855565002494,4199.737890625
1,genotypes_3_chr1-65359962-66397168.npz,6.001687335699534,4835.1171875,1.2920928016998006,5680.697265625
1,genotypes_4_chr1-66397169-67434375.npz,5.903336652899452,4817.628125,1.280974766500003,5659.83203125
1,genotypes_5_chr1-67434376-68471582.npz,5.654188645000067,4569.008984375,1.2154124691001926,5363.741796875
1,genotypes_6_chr1-68471583-69508789.npz,4.267510920200403,3435.2703125,0.9234501704997455,4014.215234375
1,genotypes_7_chr1-69508790-70545996.npz,4.74428121519959,3854.6140625,1.0271804668998812,4513.409765625
1,genotypes_8_chr1-70545997-71583203.npz,4.616470148999724,3801.469921875,1.011409266699775,4450.034765625
1,genotypes_9_chr1-71583204-72620411.npz,4.585310862800543,3646.3203125,0.9354667692003205,4265.326953125
1,genotypes_0_chr1-82992483-84029689.npz,5.488083610099966,4517.7734375,1.2111286579001899,5302.769921875
1,genotypes_10_chr1-93364554-94401760.npz,4.418534357099816,3588.840625,0.9549763982002333,4196.873828125
1,genotypes_11_chr1-94401761-95438967.npz,6.3985629611004695,5190.9765625,1.3796080740003163,6104.30859375
1,genotypes_12_chr1-95438968-96476174.npz,5.522575189200507,4419.2921875,1.1691926869998497,5185.5515625
1,genotypes_13_chr1-96476175-97513381.npz,5.322906537499693,4211.6984375,1.1659610994000105,4938.504296875
1,genotypes_14_chr1-97513382-98550588.npz,4.0393778368001225,3185.8375,0.8503715489996466,3717.219140625
1,genotypes_15_chr1-98550589-99587795.npz,4.993045671799882,4055.040625,1.1188391063995369,4751.871875
1,genotypes_16_chr1-99587796-100625002.npz,4.585816475700085,3687.1796875,0.97082106309972,4314.068359375
1,genotypes_17_chr1-100625003-101662209.npz,5.892551060000369,4626.0109375,1.3575362489997134,5431.662109375
1,genotypes_18_chr1-101662210-102699416.npz,6.004307055699792,4884.125,1.423037890300111,5738.916015625
1,genotypes_19_chr1-102699417-103736624.npz,4.905515195400222,3947.8203125,1.0838186923001558,4624.338671875
1,genotypes_1_chr1-84029690-85066896.npz,5.264418303600541,4295.7640625,1.146280427000238,5038.45859375
1,genotypes_2_chr1-85066897-86104103.npz,6.183206912299648,4966.3421875,1.4047065155999008,5836.890625
1,genotypes_3_chr1-86104104-87141310.npz,4.573516919699978,3727.91796875,1.0236400969000896,4362.5875
1,genotypes_4_chr1-87141311-88178517.npz,4.832954298400182,3911.3625,1.0410810531000607,4580.984375
1,genotypes_5_chr1-88178518-89215724.npz,4.647711757800062,3763.815625,0.9907036898997831,4405.190625
1,genotypes_6_chr1-89215725-90252931.npz,4.926951152700167,3944.2515625,1.071381715700045,4620.090625
1,genotypes_7_chr1-90252932-91290138.npz,5.021391894799672,4081.4296875,1.187302527400061,4783.3375
1,genotypes_8_chr1-91290139-92327345.npz,5.525367330600057,4501.921875,1.3185626657999818,5283.974609375
1,genotypes_9_chr1-92327346-93364553.npz,4.09618759799996,3360.2546875,0.909187391300111,3924.85625
1,genotypes_0_chr1-103736625-104773831.npz,7.738647078600297,6007.425,1.7799903631001144,7076.162890625
1,genotypes_10_chr1-114108696-115145902.npz,5.1814931912002065,4102.41875,1.1543092621001052,4808.458984375
1,genotypes_11_chr1-115145903-116183109.npz,5.505971722499998,4421.98125,1.187177442900247,5188.90078125
1,genotypes_12_chr1-116183110-117220316.npz,3.4011308000002827,2707.0359375,0.71827202439963,3147.20625
1,genotypes_13_chr1-117220317-118257523.npz,4.601588297700255,3703.5734375,0.9938104598000791,4333.646875
1,genotypes_14_chr1-118257524-119294730.npz,5.807893785700253,4683.890625,1.2995125366001958,5500.620703125
1,genotypes_15_chr1-119294731-120331937.npz,3.686804949299767,2985.384375,0.767495869099912,3478.671875
1,genotypes_16_chr1-120331938-121369144.npz,1.0537386350997622,1017.8796875,0.19431609860021126,1136.37890625
1,genotypes_17_chr1-121369145-122406351.npz,0.7839943096998467,798.046875,0.13287964849969286,874.554296875
1,genotypes_18_chr1-122406352-123443558.npz,0.2110243294999236,395.44375,0.0731401603001359,395.4453125
1,genotypes_19_chr1-123443559-124480766.npz,0.15418252020026557,395.4515625,0.0628038935999939,395.4609375
1,genotypes_1_chr1-104773832-105811038.npz,8.20790421090005,6424.482421875,1.8119432064995635,7572.671875
1,genotypes_2_chr1-105811039-106848245.npz,4.942286873900048,4018.3421875,1.1002259180000693,4708.21796875
1,genotypes_3_chr1-106848246-107885452.npz,4.981768548699984,4049.9515625,1.098460724099823,4745.954296875
1,genotypes_4_chr1-107885453-108922659.npz,4.445894535000297,3588.5640625,0.9932543233000615,4196.703515625
1,genotypes_5_chr1-108922660-109959866.npz,4.739603612999781,3796.86875,1.0182192128997485,4444.61484375
1,genotypes_6_chr1-109959867-110997073.npz,5.73763686379989,4616.6890625,1.2251071661001334,5420.59765625
1,genotypes_7_chr1-110997074-112034280.npz,6.418800304800061,5187.134375,1.495984179900006,6098.98671875
1,genotypes_8_chr1-112034281-113071487.npz,5.659847925900067,4531.87421875,1.2071840157001135,5319.739453125
1,genotypes_9_chr1-113071488-114108695.npz,4.262263998499838,3469.17578125,0.9592969263998384,4054.597265625
1,genotypes_0_chr1-124480767-125517973.npz,0.9371700899002462,893.04296875,0.1715367962997334,987.72109375
1,genotypes_18_chr1-143150494-144187700.npz,0.3305348797000988,394.78515625,0.05681795240016072,395.269921875
1,genotypes_19_chr1-144187701-145224908.npz,0.3789717698002278,405.895703125,0.0494336405003196,449.9203125
1,genotypes_0_chr1-145224909-146262115.npz,1.618478392200086,1392.53046875,0.3028531338002722,1579.92265625
1,genotypes_10_chr1-155596980-156634186.npz,3.3580795604999367,2726.962890625,0.7015588859998388,3168.533203125
1,genotypes_11_chr1-156634187-157671393.npz,6.334876154800076,5041.68125,1.4932598044995757,5923.865234375
1,genotypes_12_chr1-157671394-158708600.npz,6.607479109500128,5370.0859375,1.5724728345001495,6315.40546875
1,genotypes_13_chr1-158708601-159745807.npz,5.473759226400579,4451.290625,1.2445621564002067,5221.668359375
1,genotypes_14_chr1-159745808-160783014.npz,5.0345285297000375,4049.5015625,1.0868662469003538,4743.34453125
1,genotypes_15_chr1-160783015-161820221.npz,5.186915111600501,4227.946875,1.1399803713002257,4955.9046875
1,genotypes_16_chr1-161820222-162857428.npz,5.419777705900015,4316.9671875,1.1728491363001012,5061.81015625
1,genotypes_17_chr1-162857429-163894635.npz,6.798114408399852,5407.098828125,1.5754455508997125,6359.65703125
1,genotypes_18_chr1-163894636-164931842.npz,5.456859914699817,4463.475,1.229206453400002,5236.53359375
1,genotypes_19_chr1-164931843-165969050.npz,6.267367062000266,5072.2015625,1.4233755118000773,5961.115625
1,genotypes_1_chr1-146262116-147299322.npz,3.118805495200104,2567.25,0.6364607492996583,2978.973046875
1,genotypes_2_chr1-147299323-148336529.npz,4.125545888099987,3351.74375,0.8773955991002367,3912.951171875
1,genotypes_3_chr1-148336530-149373736.npz,0.9117345536000357,870.6359375,0.15856995780031866,959.308984375
1,genotypes_4_chr1-149373737-150410943.npz,2.3162753155003886,1959.4640625,0.4857528026001091,2255.48671875
1,genotypes_5_chr1-150410944-151448150.npz,4.185508856100023,3450.3859375,0.9002848538999387,4030.466015625
1,genotypes_6_chr1-151448151-152485357.npz,4.087135395900441,3274.4125,0.868973084099889,3820.954296875
1,genotypes_7_chr1-152485358-153522564.npz,6.640489424100087,5230.5953125,1.4857129463000092,6149.68984375
1,genotypes_8_chr1-153522565-154559771.npz,4.334806038100396,3562.01015625,0.9277360180998585,4163.421875
1,genotypes_9_chr1-154559772-155596979.npz,3.750565966499926,3077.50078125,0.7900759988002392,3586.420703125
1,genotypes_0_chr1-165969051-167006257.npz,6.147453639299783,4982.20078125,1.4602164786001595,5854.075
1,genotypes_10_chr1-176341122-177378328.npz,4.146777398699487,3371.16953125,0.8910089728997264,3936.082421875
1,genotypes_11_chr1-177378329-178415535.npz,4.799501691500336,3816.38046875,1.0651252038995154,4466.200390625
1,genotypes_12_chr1-178415536-179452742.npz,6.5048535043000815,5138.07734375,1.5887416213998222,6039.4984375
1,genotypes_13_chr1-179452743-180489949.npz,6.2057358115998795,4830.14453125,1.422798088700074,5672.93203125
1,genotypes_14_chr1-180489950-181527156.npz,5.580387232000066,4409.66328125,1.2088112417000958,5172.35234375
1,genotypes_15_chr1-181527157-182564363.npz,5.372273618299914,4322.54609375,1.2463298771001063,5068.67265625
1,genotypes_16_chr1-182564364-183601570.npz,5.486974220399679,4433.96640625,1.2365367649999826,5201.32109375
1,genotypes_17_chr1-183601571-184638777.npz,5.473276009699839,4437.96953125,1.273388505499679,5206.1015625
1,genotypes_18_chr1-184638778-185675984.npz,4.614375514700441,3770.31171875,0.9906150230002823,4411.346484375
1,genotypes_19_chr1-185675985-186713192.npz,4.05363473819998,3299.11328125,0.8865432142996724,3850.271875
1,genotypes_1_chr1-167006258-168043464.npz,5.41332523409983,4339.54296875,1.2541804436998063,5088.891015625
1,genotypes_2_chr1-168043465-169080671.npz,5.913743172999602,4768.10703125,1.4140448025998922,5599.140234375
1,genotypes_3_chr1-169080672-170117878.npz,6.839178703100697,5526.55703125,1.693853720700281,6502.00625
1,genotypes_4_chr1-170117879-171155085.npz,6.225357640400034,5124.4234375,1.4045239396007674,6023.37109375
1,genotypes_5_chr1-171155086-172192292.npz,6.123939158700159,5081.72578125,1.424399279499994,5972.48203125
1,genotypes_6_chr1-172192293-173229499.npz,4.841946660800022,3906.91796875,1.0398352390009677,4573.868359375
1,genotypes_7_chr1-173229500-174266706.npz,3.803594527899622,3119.27578125,0.8262315079999099,3636.235546875
1,genotypes_8_chr1-174266707-175303913.npz,4.883626068900048,3925.67578125,1.05096634779984,4596.276953125
1,genotypes_9_chr1-175303914-176341121.npz,5.129267611499745,4086.46796875,1.2058975143005228,4787.641015625
1,genotypes_0_chr1-186713193-187750399.npz,6.221368483899641,4867.40546875,1.5074868309999148,5717.337890625
1,genotypes_10_chr1-197085264-198122470.npz,3.8551187584998843,3138.90859375,0.8229050505000487,3659.669140625
1,genotypes_11_chr1-198122471-199159677.npz,4.212333006799963,3355.18359375,0.9445506914998987,3917.17890625
1,genotypes_12_chr1-199159678-200196884.npz,6.448367124399738,5088.53671875,1.5613782145988808,5980.61328125
1,genotypes_13_chr1-200196885-201234091.npz,6.075288493299377,4909.97109375,1.4037509412995859,5768.017578125
1,genotypes_14_chr1-201234092-202271298.npz,6.108236083300653,4938.90078125,1.3882302712994714,5802.45390625
1,genotypes_15_chr1-202271299-203308505.npz,5.090691173199957,4119.18984375,1.093781977100298,4826.52734375
1,genotypes_16_chr1-203308506-204345712.npz,5.715756422300546,4578.92578125,1.3545408330002828,5373.907421875
1,genotypes_17_chr1-204345713-205382919.npz,5.235001187199669,4217.39765625,1.1341196842004138,4943.5984375
1,genotypes_18_chr1-205382920-206420126.npz,3.9242285455995445,3205.38359375,0.8589430479994917,3738.683203125
1,genotypes_19_chr1-206420127-207457334.npz,4.841254831399783,3953.34453125,1.1171105544002784,4629.22265625
1,genotypes_1_chr1-187750400-188787606.npz,10.267938973700803,6886.28984375,2.056414906900682,8120.777734375
1,genotypes_2_chr1-188787607-189824813.npz,6.78901387039914,5519.85703125,1.429133514500063,6494.00546875
1,genotypes_3_chr1-189824814-190862020.npz,6.550321664600415,5347.28515625,1.4539159785996163,6288.562890625
1,genotypes_4_chr1-190862021-191899227.npz,6.132039624400204,4983.96328125,1.375214517799759,5856.12265625
1,genotypes_5_chr1-191899228-192936434.npz,5.38134744529998,4406.64921875,1.1375917646000744,5168.781640625
1,genotypes_6_chr1-192936435-193973641.npz,5.146483733899368,4153.63203125,1.076650458300719,4867.6453125
1,genotypes_7_chr1-193973642-195010848.npz,5.520855205199405,4458.00078125,1.2438386660003744,5230.0625
1,genotypes_8_chr1-195010849-196048055.npz,7.835593435899137,6171.23984375,1.7329048884999794,7269.528515625
1,genotypes_9_chr1-196048056-197085263.npz,3.4869488360000105,2867.51328125,0.7557550695997634,3336.61015625
11,grg,160.09107229509974,25564.803515625,10.758467285400183,15225.10625
11,linarg_0_chr11-103091-22598673,4.290148266999313,2707.9734375,0.6188861133996397,2347.234765625
11,linarg_1_chr11-22598674-45094256,3.5681207216992332,2313.77265625,0.5283785411000281,2038.8234375
11,linarg_2_chr11-45094257-67589840,2.8534138896004153,1902.3078125,0.4714897352998378,1701.75
11,linarg_3_chr11-67589841-90085423,3.6117460553006824,2278.890625,0.6267032035000739,2010.791796875
11,linarg_4_chr11-90085424-112581006,3.6329115385000477,2241.062109375,0.5664399080000294,1981.28046875
11,linarg_5_chr11-112581007-135076590,4.3435846642998515,2705.540234375,0.6203901393000706,2344.4734375
11,genotypes_0_chr11-103091-1125616.npz,6.408240304499486,5197.34453125,1.417730996099999,6109.925
11,genotypes_10_chr11-10328356-11350881.npz,7.835913312900084,6359.22109375,1.7115690643007837,7492.980078125
11,genotypes_11_chr11-11350882-12373408.npz,6.992350626300322,5642.039453125,1.5502040798000962,6639.335546875
11,genotypes_12_chr11-12373409-13395934.npz,6.621551809699303,5426.926953125,1.4325166619004448,6383.2125
11,genotypes_13_chr11-13395935-14418461.npz,5.985336304100565,4884.153125,1.2958923112004412,5736.9640625
11,genotypes_14_chr11-14418462-15440987.npz,4.548919820199808,3746.8546875,0.9787313467000786,4383.167578125
11,genotypes_15_chr11-15440988-16463514.npz,4.390160860199467,3616.04921875,0.9389007247991685,4227.336328125
11,genotypes_16_chr11-16463515-17486040.npz,5.579418045499551,4587.901171875,1.2093838668995887,5384.435546875
11,genotypes_17_chr11-17486041-18508567.npz,5.8283110074000435,4686.674609375,1.244418945500729,5502.0140625
11,genotypes_18_chr11-18508568-19531093.npz,6.325492981100615,5123.103515625,1.3932115077001073,6021.6046875
11,genotypes_19_chr11-19531094-20553620.npz,5.499400867999793,4446.40390625,1.2344597342998895,5215.941796875
11,genotypes_1_chr11-1125617-2148143.npz,6.102818874600052,4902.78671875,1.3388503078000213,5759.240234375
11,genotypes_20_chr11-20553621-21576146.npz,6.322630716299682,5092.96796875,1.4243476750005357,5985.551953125
11,genotypes_21_chr11-21576147-22598673.npz,6.98275680969964,5701.937109375,1.519291145099487,6710.5515625
11,genotypes_2_chr11-2148144-3170669.npz,6.238409249000324,5062.619921875,1.3980509814005928,5949.485546875
11,genotypes_3_chr11-3170670-4193196.npz,6.5428176096007515,5325.21484375,1.4437968657999591,6262.125390625
11,genotypes_4_chr11-4193197-5215722.npz,8.353982122899833,6797.161328125,1.842360047299735,8014.496484375
11,genotypes_5_chr11-5215723-6238249.npz,10.561932050299584,8629.94296875,2.350239887999487,10196.321484375
11,genotypes_6_chr11-6238250-7260775.npz,7.0143419152991555,5691.858203125,1.5516638768007396,6698.60703125
11,genotypes_7_chr11-7260776-8283302.npz,7.284439927500353,6010.577734375,1.6670650634994673,7077.9828125
11,genotypes_8_chr11-8283303-9305828.npz,6.015925308700753,4920.296875,1.3186716980999336,5780.01640625
11,genotypes_9_chr11-9305829-10328355.npz,6.25150596109961,5139.90546875,1.3552208778000931,6041.610546875
11,genotypes_0_chr11-22598674-23621199.npz,8.776589053699718,7206.8171875,1.94589917159974,8502.061328125
11,genotypes_10_chr11-32823939-33846464.npz,5.38856986399951,4362.475,1.167816023200794,5115.998828125
11,genotypes_11_chr11-33846465-34868991.npz,6.435632196600272,5271.153515625,1.3956920898992393,6197.80390625
11,genotypes_12_chr11-34868992-35891517.npz,6.198489462700673,5092.53828125,1.3804319984996254,5984.97734375
11,genotypes_13_chr11-35891518-36914044.npz,5.2087459860995295,4252.020703125,1.1753433121000854,4984.626171875
11,genotypes_14_chr11-36914045-37936570.npz,5.94026327700085,4921.15,1.303832393099583,5780.995703125
11,genotypes_15_chr11-37936571-38959097.npz,4.208329763699657,3446.958984375,0.9050602613002411,4026.12890625
11,genotypes_16_chr11-38959098-39981623.npz,4.733692199300276,3752.403515625,1.049100697400354,4389.752734375
11,genotypes_17_chr11-39981624-41004150.npz,5.446227076500145,4350.831640625,1.152521351299947,5102.156640625
11,genotypes_18_chr11-41004151-42026676.npz,5.817671845399673,4680.465625,1.2934014045993536,5494.52265625
11,genotypes_19_chr11-42026677-43049203.npz,6.440027020200068,5199.271484375,1.3975614157003293,6112.056640625
11,genotypes_1_chr11-23621200-24643726.npz,6.01436056470011,4852.61796875,1.326926754500164,5699.402734375
11,genotypes_20_chr11-43049204-44071729.npz,5.5743307482996896,4509.0640625,1.2591466374993616,5290.6515625
11,genotypes_21_chr11-44071730-45094256.npz,5.52800467670022,4490.89296875,1.2048103876000824,5268.9234375
11,genotypes_2_chr11-24643727-25666252.npz,8.928067163500236,7123.540234375,2.008967533800387,8403.006640625
11,genotypes_3_chr11-25666253-26688779.npz,8.483217821400467,6785.196875,1.903208869599257,8000.280078125
11,genotypes_4_chr11-26688780-27711305.npz,4.803216883200366,3997.985546875,1.0526136205997318,4682.111328125
11,genotypes_5_chr11-27711306-28733832.npz,3.8547890613001075,3169.7921875,0.8268701474000408,3696.192578125
11,genotypes_6_chr11-28733833-29756358.npz,5.224926142699405,4205.16953125,1.1165038021998044,4928.703515625
11,genotypes_7_chr11-29756359-30778885.npz,5.152945345500484,4238.953125,1.0931553403999714,4968.86875
11,genotypes_8_chr11-30778886-31801411.npz,3.454100561800078,2850.752734375,0.7110871439006587,3316.397265625
11,genotypes_9_chr11-31801412-32823938.npz,5.89407161679992,4769.837890625,1.291285403999791,5600.859375
11,genotypes_0_chr11-45094257-46116782.npz,3.9546335777999047,3158.485546875,0.8818547756000044,3682.65703125
11,genotypes_10_chr11-55319522-56342048.npz,6.4346356042995465,5001.762890625,1.6243145901007665,5876.959765625
11,genotypes_11_chr11-56342049-57364574.npz,5.954214106899963,4699.31015625,1.4145508830992184,5516.85859375
11,genotypes_12_chr11-57364575-58387101.npz,5.82264199559977,4707.071484375,1.3118605377996573,5526.16875
11,genotypes_13_chr11-58387102-59409627.npz,5.136481611199997,4116.284375,1.0929522209997231,4822.948828125
11,genotypes_14_chr11-59409628-60432154.npz,4.162794403200314,3371.1234375,0.89778885300002,3935.8609375
11,genotypes_15_chr11-60432155-61454680.npz,4.153215331399769,3415.002734375,0.9103657146988553,3988.028125
11,genotypes_16_chr11-61454681-62477207.npz,5.410725754799932,4361.22109375,1.212265592601034,5114.4328125
11,genotypes_17_chr11-62477208-63499733.npz,4.214232355100103,3406.764453125,0.9162283186997229,3978.214453125
11,genotypes_18_chr11-63499734-64522260.npz,3.9779528091999965,3215.76015625,0.8470651223989989,3750.89296875
11,genotypes_19_chr11-64522261-65544786.npz,2.9521792289000586,2427.704296875,0.6290266628999234,2812.566015625
11,genotypes_1_chr11-46116783-47139309.npz,2.5221367604008265,2048.6765625,0.5426549638999859,2361.594921875
11,genotypes_20_chr11-65544787-66567313.npz,4.2648827291002815,3502.55,0.9206236467998679,4092.360546875
11,genotypes_21_chr11-66567314-67589840.npz,2.1891549382002267,1807.083984375,0.440210824499809,2073.7375
11,genotypes_2_chr11-47139310-48161835.npz,3.8094469603987817,3181.3109375,0.8384748103006132,3709.790234375
11,genotypes_3_chr11-48161836-49184362.npz,6.178794660700078,4917.38125,1.478861721299836,5776.615234375
11,genotypes_4_chr11-49184363-50206888.npz,6.233482660400114,5012.544140625,1.4749241785997582,5889.8453125
11,genotypes_5_chr11-50206889-51229415.npz,5.29486649529972,4378.791796875,1.2328225792989542,5135.323828125
11,genotypes_6_chr11-51229416-52251941.npz,0.13968883669986099,405.717578125,0.06512630699980945,405.6953125
11,genotypes_7_chr11-52251942-53274468.npz,0.15364064360037447,405.701953125,0.05663936790042499,405.6953125
11,genotypes_8_chr11-53274469-54296994.npz,0.1482515694995527,405.708203125,0.05860923240034026,405.726171875
11,genotypes_9_chr11-54296995-55319521.npz,6.071918206699775,4740.11640625,1.4112523013005558,5565.495703125
11,genotypes_0_chr11-67589841-68612366.npz,5.498732804700557,4359.912109375,1.2110452841006918,5112.903125
11,genotypes_10_chr11-77815106-78837631.npz,4.684596811100346,3720.937109375,1.0265032640996652,4352.18046875
11,genotypes_11_chr11-78837632-79860158.npz,5.980560550499286,4725.148046875,1.4623913962997903,5547.765625
11,genotypes_12_chr11-79860159-80882684.npz,5.437505443700502,4331.5203125,1.1553797812000994,5079.14296875
11,genotypes_13_chr11-80882685-81905211.npz,8.125305322299392,6441.45234375,1.9217968156004646,7589.629296875
11,genotypes_14_chr11-81905212-82927737.npz,5.898144102600054,4715.8546875,1.3062905630005843,5536.99765625
11,genotypes_15_chr11-82927738-83950264.npz,5.6790914913995945,4599.815234375,1.2388762804996076,5398.719921875
11,genotypes_16_chr11-83950265-84972790.npz,4.078770673400504,3236.005859375,0.8982637501001591,3775.103125
11,genotypes_17_chr11-84972791-85995317.npz,3.547898802100099,2898.533984375,0.7719839776997105,3373.430859375
11,genotypes_18_chr11-85995318-87017843.npz,6.281942731200251,5173.06171875,1.402633646099639,6081.2015625
11,genotypes_19_chr11-87017844-88040370.npz,7.49789313159963,5861.083984375,1.798308383800395,6898.96015625
11,genotypes_1_chr11-68612367-69634893.npz,5.910245616199973,4730.17265625,1.2857180513001367,5554.58046875
11,genotypes_20_chr11-88040371-89062896.npz,6.67232833579983,5291.748828125,1.455984041999909,6223.241015625
11,genotypes_21_chr11-89062897-90085423.npz,4.062038911399577,3321.3296875,0.8598247086003539,3877.525
11,genotypes_2_chr11-69634894-70657419.npz,6.553324692800379,5180.40546875,1.586539474100573,6088.949609375
11,genotypes_3_chr11-70657420-71679946.npz,4.948354365299747,3945.8671875,1.0777439766003227,4621.3953125
11,genotypes_4_chr11-71679947-72702472.npz,3.96096548500027,3171.469921875,0.8800016511991998,3699.452734375
11,genotypes_5_chr11-72702473-73724999.npz,3.171698625099816,2526.490625,0.6698760149003646,2931.6015625
11,genotypes_6_chr11-73725000-74747525.npz,4.982704359499621,3943.771875,1.0686518429003626,4618.78828125
11,genotypes_7_chr11-74747526-75770052.npz,4.181418945699988,3433.0609375,0.8980864549997932,4010.832421875
11,genotypes_8_chr11-75770053-76792578.npz,4.2560617677001575,3443.2640625,0.9038501030001498,4023.121875
11,genotypes_9_chr11-76792579-77815105.npz,5.264242697300142,4235.950390625,1.2081037046995333,4966.359765625
11,genotypes_0_chr11-90085424-91107949.npz,7.138543160800327,5670.16640625,1.618739043000096,6674.00546875
11,genotypes_10_chr11-100310689-101333214.npz,6.099128237099649,4939.919921875,1.3546830787003272,5805.229296875
11,genotypes_11_chr11-101333215-102355741.npz,6.256489702600083,5104.487890625,1.399219708900273,6000.872265625
11,genotypes_12_chr11-102355742-103378267.npz,6.201663054499659,5055.6265625,1.4351747705997695,5942.9484375
11,genotypes_13_chr11-103378268-104400794.npz,7.982593028998963,6391.062890625,1.9204379359001904,7532.892578125
11,genotypes_14_chr11-104400795-105423320.npz,4.866875877700295,3995.123046875,1.0903377810001984,4680.862890625
11,genotypes_15_chr11-105423321-106445847.npz,4.434064945900536,3647.069140625,0.948929475899422,4266.61640625
11,genotypes_16_chr11-106445848-107468373.npz,6.221985608599789,5026.03046875,1.377924941099991,5908.054296875
11,genotypes_17_chr11-107468374-108490900.npz,5.331344851099493,4398.359375,1.1745468260000052,5160.893359375
11,genotypes_18_chr11-108490901-109513426.npz,3.9869449919006,3276.716796875,0.88675227370004,3825.765625
11,genotypes_19_chr11-109513427-110535953.npz,4.442346302499573,3670.03125,0.961795628100299,4293.893359375
11,genotypes_1_chr11-91107950-92130476.npz,6.0070128370003655,4881.2140625,1.4103544136996788,5735.753515625
11,genotypes_20_chr11-110535954-111558479.npz,5.6968006982006045,4690.725390625,1.312813198799995,5508.9765625
11,genotypes_21_chr11-111558480-112581006.npz,3.7711150565006393,3124.17890625,0.7967564552000113,3644.14375
11,genotypes_2_chr11-92130477-93153002.npz,5.35155038229932,4383.515625,1.2411060488000658,5143.311328125
11,genotypes_3_chr11-93153003-94175529.npz,5.756615089600018,4679.16171875,1.2989773354998762,5495.240625
11,genotypes_4_chr11-94175530-95198055.npz,5.265379561499867,4242.959375,1.124615055999675,4976.134765625
11,genotypes_5_chr11-95198056-96220582.npz,5.736382269900423,4669.704296875,1.3471213085005729,5484.022265625
11,genotypes_6_chr11-96220583-97243108.npz,5.847604730999956,4718.03046875,1.305959720300598,5540.4390625
11,genotypes_7_chr11-97243109-98265635.npz,6.585486288599713,5215.934765625,1.5585968876006517,6131.180078125
11,genotypes_8_chr11-98265636-99288161.npz,7.884399115300039,6211.70234375,1.8626305777001106,7320.15
11,genotypes_9_chr11-99288162-100310688.npz,7.513175577100628,6088.321484375,1.744334114200683,7173.726171875
11,genotypes_0_chr11-112581007-113603532.npz,6.039851528000145,4809.98828125,1.2858740257997852,5652.948046875
11,genotypes_10_chr11-122806272-123828798.npz,6.323257237299913,5069.156640625,1.3902239400995313,5961.555859375
11,genotypes_11_chr11-123828799-124851324.npz,7.712507447299504,6215.080078125,1.8651583906997984,7325.1546875
11,genotypes_12_chr11-124851325-125873851.npz,5.196613447699929,4153.759375,1.1559740431999672,4872.334375
11,genotypes_13_chr11-125873852-126896377.npz,6.47938634969978,5227.043359375,1.4491545514003519,6149.92265625
11,genotypes_14_chr11-126896378-127918904.npz,5.551169012100582,4492.322265625,1.2158581376006623,5275.265625
11,genotypes_15_chr11-127918905-128941430.npz,5.680984004600032,4579.2140625,1.2430773264004529,5378.759375
11,genotypes_16_chr11-128941431-129963957.npz,5.606597999099904,4561.632421875,1.2267531173998578,5357.769140625
11,genotypes_17_chr11-129963958-130986483.npz,5.034124044099736,4053.418359375,1.099739815599969,4752.785546875
11,genotypes_18_chr11-130986484-132009010.npz,6.405210206700213,5087.478125,1.4980477806995622,5983.5578125
11,genotypes_19_chr11-132009011-133031536.npz,6.170893624400196,5076.54375,1.4284238613992783,5970.810546875
11,genotypes_1_chr11-113603533-114626059.npz,5.30705707590023,4265.940625,1.1717594379999354,5005.9984375
11,genotypes_20_chr11-133031537-134054063.npz,5.502439050300017,4388.6359375,1.2204691890994581,5152.046484375
11,genotypes_21_chr11-134054064-135076590.npz,6.909149596399947,5449.487890625,1.648623893900003,6414.634375
11,genotypes_2_chr11-114626060-115648585.npz,5.267683318800119,4273.18359375,1.1456818681006553,5014.497265625
11,genotypes_3_chr11-115648586-116671112.npz,5.767836435799836,4663.656640625,1.2508968312999058,5479.53828125
11,genotypes_4_chr11-116671113-117693638.npz,5.333650479700009,4229.526171875,1.1562361162999877,4962.561328125
11,genotypes_5_chr11-117693639-118716165.npz,5.388889568200829,4362.694921875,1.2231566575988837,5120.901953125
11,genotypes_6_chr11-118716166-119738691.npz,5.656598630600274,4452.65703125,1.269306788200265,5228.054296875
11,genotypes_7_chr11-119738692-120761218.npz,6.009219782700893,4788.7921875,1.3860418107997248,5627.908203125
11,genotypes_8_chr11-120761219-121783744.npz,4.989724664800088,3998.98359375,1.0698299113995744,4688.39765625
11,genotypes_9_chr11-121783745-122806271.npz,5.449803686200903,4328.445703125,1.2573186365993023,5080.083984375
21,grg,40.53125242679998,7523.349609375,3.186417973900461,4532.374609375
21,linarg_0_chr21-5030618-25863389,2.875566213500133,1846.23984375,0.4221325757996965,1619.8359375
21,linarg_1_chr21-25863390-46696162,4.0531716301997225,2501.62890625,0.5767355958003464,2162.207421875
21,genotypes_0_chr21-5030618-6072255.npz,0.2412695677998272,345.453125,0.024930877800215967,345.453125
21,genotypes_10_chr21-15447004-16488641.npz,4.308029904398791,3480.83125,0.9465657747001387,4077.86015625
21,genotypes_11_chr21-16488642-17530280.npz,6.216261428400685,5085.506640625,1.3541383063999093,5988.25
21,genotypes_12_chr21-17530281-18571918.npz,6.222379954900316,5085.035546875,1.3791482368003927,5987.70546875
21,genotypes_13_chr21-18571919-19613557.npz,8.042532901200683,6581.7109375,1.8886847409001348,7769.496484375
21,genotypes_14_chr21-19613558-20655196.npz,6.895120565400793,5624.05234375,1.5541179171003023,6629.297265625
21,genotypes_15_chr21-20655197-21696834.npz,6.805880364799668,5457.92265625,1.5219632534004632,6431.548828125
21,genotypes_16_chr21-21696835-22738473.npz,6.195674731900363,4934.89140625,1.3350332527003048,5808.8859375
21,genotypes_17_chr21-22738474-23780111.npz,7.101585210900521,5665.61484375,1.6745475410996733,6678.823046875
21,genotypes_18_chr21-23780112-24821750.npz,7.749897632799912,6168.683203125,1.809532592800315,7277.644921875
21,genotypes_19_chr21-24821751-25863389.npz,4.694699549399957,3648.90390625,1.0201098026009277,4278.00859375
21,genotypes_1_chr21-6072256-7113894.npz,0.14462967360013862,345.44921875,0.05309041270047601,345.45703125
21,genotypes_2_chr21-7113895-8155532.npz,0.2533724730004906,345.45703125,0.032926892199975556,345.45703125
21,genotypes_3_chr21-8155533-9197171.npz,0.2539653380001255,345.45703125,0.03193905879998056,345.45703125
21,genotypes_4_chr21-9197172-10238810.npz,0.37663363799947547,363.94765625,0.04807216679982958,406.02890625
21,genotypes_5_chr21-10238811-11280448.npz,0.5342006519000279,479.6265625,0.08043559179968725,527.664453125
21,genotypes_7_chr21-12322088-13363725.npz,1.1429944341998635,1027.24453125,0.20941153409949037,1152.8921875
21,genotypes_8_chr21-13363726-14405364.npz,6.576843300799737,5202.694140625,1.4691449710993765,6123.49453125
21,genotypes_9_chr21-14405365-15447003.npz,5.944807795299494,4687.1953125,1.3078637376002007,5509.94296875
21,genotypes_0_chr21-25863390-26905027.npz,6.616405666100763,5190.40546875,1.510531167798763,6108.5328125
21,genotypes_10_chr21-36279776-37321414.npz,7.174418374799279,5653.21328125,1.6620742048002284,6652.10703125
21,genotypes_11_chr21-37321415-38363052.npz,6.274351455000215,4987.09609375,1.3638103774002956,5868.898046875
21,genotypes_12_chr21-38363053-39404691.npz,7.006991149999886,5667.0390625,1.5939905750990875,6677.202734375
21,genotypes_13_chr21-39404692-40446330.npz,7.635822458699477,6178.320703125,1.8028695548997349,7287.298828125
21,genotypes_14_chr21-40446331-41487968.npz,7.570386419100032,6136.43828125,1.6931288473002497,7237.553125
21,genotypes_15_chr21-41487969-42529607.npz,7.984254972399503,6396.87578125,1.952396276500076,7547.41953125
21,genotypes_16_chr21-42529608-43571246.npz,5.071639479699661,4107.179296875,1.1031174887015367,4821.77578125
21,genotypes_17_chr21-43571247-44612884.npz,4.556287009600783,3689.3484375,0.969039309798245,4324.299609375
21,genotypes_18_chr21-44612885-45654523.npz,7.277519462200144,5880.61015625,1.6313622625006245,6932.9390625
21,genotypes_19_chr21-45654524-46696162.npz,6.319935692499712,5110.334375,1.4015083396006958,6015.95234375
21,genotypes_1_chr21-26905028-27946666.npz,7.483510796799237,6027.140625,1.7460193330007314,7107.41875
21,genotypes_2_chr21-27946667-28988304.npz,6.741193988300074,5434.78515625,1.5093536266031151,6402.234765625
21,genotypes_3_chr21-28988305-30029943.npz,4.051006550099555,3247.444921875,0.8908506042986118,3798.296875
21,genotypes_4_chr21-30029944-31071582.npz,5.862115665000601,4751.18671875,1.2736148926996975,5588.35
21,genotypes_5_chr21-31071583-32113220.npz,5.901874772899464,4731.88359375,1.3329364967008588,5565.51640625
21,genotypes_6_chr21-32113221-33154859.npz,5.229643596798269,4174.34453125,1.1400904753980285,4901.657421875
21,genotypes_7_chr21-33154860-34196498.npz,5.080375061799714,4152.371875,1.1177930093988835,4875.390625
21,genotypes_8_chr21-34196499-35238136.npz,4.939396136499999,3962.43046875,1.0999642146016413,4649.4671875
21,genotypes_9_chr21-35238137-36279775.npz,6.449685975498869,5098.60546875,1.5302908405996276,6001.943359375
